[
  {
    "routes": {
      "Route A": {
        "AirQualityLevel": "Very Poor (301-400)",
        "TravelTime": "Medium: 30 min",
        "TravelCost": "Medium: 25 INR",
        "Delay": "0-10% additional time",
        "GreenCover": "Low Green Cover (urban/industrial areas)",
        "PreTripInfoAvailable": "Not Available",
        "TripPurpose": "Leisure/Personal"
      },
      "Route B": {
        "AirQualityLevel": "Very Poor (301-400)",
        "TravelTime": "Low: 20 min",
        "TravelCost": "Medium: 25 INR",
        "Delay": "0-10% additional time",
        "GreenCover": "Low Green Cover (urban/industrial areas)",
        "PreTripInfoAvailable": "Not Available",
        "TripPurpose": "Leisure/Personal"
      }
    }
  },
  {
    "routes": {
      "Route A": {
        "AirQualityLevel": "Poor (201-300)",
        "TravelTime": "Low: 20 min",
        "TravelCost": "Medium: 25 INR",
        "Delay": "26-50% additional time",
        "GreenCover": "High Green Cover (tree-lined parks)",
        "PreTripInfoAvailable": "Available",
        "TripPurpose": "Education"
      },
      "Route B": {
        "AirQualityLevel": "Severe (401+)",
        "TravelTime": "Low: 20 min",
        "TravelCost": "Medium: 25 INR",
        "Delay": "26-50% additional time",
        "GreenCover": "Moderate",
        "PreTripInfoAvailable": "Available",
        "TripPurpose": "Education"
      }
    }
  },
  {
    "routes": {
      "Route A": {
        "AirQualityLevel": "Good (0-50)",
        "TravelTime": "Medium: 30 min",
        "TravelCost": "Medium: 25 INR",
        "Delay": "11-25% additional time",
        "GreenCover": "Moderate",
        "PreTripInfoAvailable": "Available",
        "TripPurpose": "Work/Business"
      },
      "Route B": {
        "AirQualityLevel": "Good (0-50)",
        "TravelTime": "Medium: 30 min",
        "TravelCost": "Medium: 25 INR",
        "Delay": "11-25% additional time",
        "GreenCover": "Moderate",
        "PreTripInfoAvailable": "Available",
        "TripPurpose": "Education"
      }
    }
  },
  {
    "routes": {
      "Route A": {
        "AirQualityLevel": "Severe (401+)",
        "TravelTime": "High: 40min",
        "TravelCost": "Medium: 25 INR",
        "Delay": "26-50% additional time",
        "GreenCover": "Moderate",
        "PreTripInfoAvailable": "Available",
        "TripPurpose": "Leisure/Personal"
      },
      "Route B": {
        "AirQualityLevel": "Severe (401+)",
        "TravelTime": "High: 40min",
        "TravelCost": "Medium: 25 INR",
        "Delay": "11-25% additional time",
        "GreenCover": "Low Green Cover (urban/industrial areas)",
        "PreTripInfoAvailable": "Available",
        "TripPurpose": "Leisure/Personal"
      }
    }
  }
]
